"Date","Volts(V)","Current(A)","Temperature(°C)","State Of Charge(%)"
"2021-08-16 00:00:00",52.352,-2.047,25,55
"2021-08-16 00:01:00",52.352,-2.086,25,55
"2021-08-16 00:02:00",52.352,-2.063,25,55
"2021-08-16 00:03:00",52.352,-2.093,25,55
"2021-08-16 00:04:00",52.352,-2.062,25,55
"2021-08-16 00:05:00",52.352,-2.064,25,55
"2021-08-16 00:06:00",52.352,-2.041,25,55
"2021-08-16 00:07:00",52.352,-2.033,25,55
"2021-08-16 00:08:00",52.352,-2.04,25,54
"2021-08-16 00:09:00",52.352,-2.047,25,54
"2021-08-16 00:10:00",52.352,-2.057,25,54
"2021-08-16 00:11:00",52.336,-2.053,25,54
"2021-08-16 00:12:00",52.336,-2.056,25,54
"2021-08-16 00:13:00",52.336,-2.051,25,54
"2021-08-16 00:14:00",52.336,-2.029,25,54
"2021-08-16 00:15:00",52.336,-2.037,25,54
"2021-08-16 00:16:00",52.336,-2.042,25,54
"2021-08-16 00:17:00",52.336,-2.048,25,54
"2021-08-16 00:18:00",52.336,-2.052,25,54
"2021-08-16 00:19:00",52.336,-2.047,24,54
"2021-08-16 00:20:00",52.336,-2.039,24,54
"2021-08-16 00:21:00",52.336,-2.029,24,54
"2021-08-16 00:22:00",52.336,-2.034,24,54
"2021-08-16 00:23:00",52.336,-2.034,24,54
"2021-08-16 00:24:00",52.336,-2.046,24,53
"2021-08-16 00:25:00",52.336,-2.048,24,53
"2021-08-16 00:26:00",52.336,-2.051,24,53
"2021-08-16 00:27:00",52.336,-2.041,24,53
"2021-08-16 00:28:00",52.336,-2.041,24,53
"2021-08-16 00:29:00",52.336,-2.018,24,53
"2021-08-16 00:30:00",52.336,-2.021,24,53
"2021-08-16 00:31:00",52.336,-2.036,24,53
"2021-08-16 00:32:00",52.336,-2.04,24,53
"2021-08-16 00:33:00",52.336,-2.055,24,53
"2021-08-16 00:34:00",52.336,-2.051,24,53
"2021-08-16 00:35:00",52.336,-2.031,24,53
"2021-08-16 00:36:00",52.336,-2.033,24,53
"2021-08-16 00:37:00",52.336,-2.014,24,53
"2021-08-16 00:38:00",52.336,-2.011,24,53
"2021-08-16 00:39:00",52.336,-2.031,24,53
"2021-08-16 00:40:00",52.336,-2.032,24,52
"2021-08-16 00:41:00",52.336,-2.039,24,52
"2021-08-16 00:42:00",52.336,-2.039,24,52
"2021-08-16 00:43:00",52.336,-2.028,24,52
"2021-08-16 00:44:00",52.336,-2.014,24,52
"2021-08-16 00:45:00",52.336,-2.02,24,52
"2021-08-16 00:46:00",52.336,-2.012,24,52
"2021-08-16 00:47:00",52.336,-2.032,24,52
"2021-08-16 00:48:00",52.336,-2.031,24,52
"2021-08-16 00:49:00",52.336,-2.036,24,52
"2021-08-16 00:50:00",52.32,-2.032,24,52
"2021-08-16 00:51:00",52.352,-2.031,24,52
"2021-08-16 00:52:00",52.32,-2.011,24,52
"2021-08-16 00:53:00",52.32,-2.015,24,52
"2021-08-16 00:54:00",52.32,-2.016,24,52
"2021-08-16 00:55:00",52.32,-2.029,24,52
"2021-08-16 00:56:00",52.32,-2.035,24,51
"2021-08-16 00:57:00",52.32,-2.032,24,51
"2021-08-16 00:58:00",52.32,-2.022,24,51
"2021-08-16 00:59:00",52.32,-2.013,24,51
"2021-08-16 01:00:00",52.32,-2.037,24,51
"2021-08-16 01:01:00",52.336,-2.008,24,51
"2021-08-16 01:02:00",52.32,-2.065,24,51
"2021-08-16 01:03:00",52.32,-2.019,24,51
"2021-08-16 01:04:00",52.32,-2.034,24,51
"2021-08-16 01:05:00",52.32,-2.03,24,51
"2021-08-16 01:06:00",52.32,-2.024,24,51
"2021-08-16 01:07:00",52.32,-2.017,24,51
"2021-08-16 01:08:00",52.32,-2.008,24,51
"2021-08-16 01:09:00",52.32,-2.018,24,51
"2021-08-16 01:10:00",52.32,-2.021,24,51
"2021-08-16 01:11:00",52.32,-2.033,24,51
"2021-08-16 01:12:00",52.32,-2.023,24,50
"2021-08-16 01:13:00",52.32,-2.013,24,50
"2021-08-16 01:14:00",52.32,-2.015,24,50
"2021-08-16 01:15:00",52.32,-2.005,24,50
"2021-08-16 01:16:00",52.32,-2.015,24,50
"2021-08-16 01:17:00",52.32,-2.016,24,50
"2021-08-16 01:18:00",52.32,-2.029,24,50
"2021-08-16 01:19:00",52.32,-2.027,24,50
"2021-08-16 01:20:00",52.304,-2.017,24,50
"2021-08-16 01:21:00",52.304,-2.01,24,50
"2021-08-16 01:22:00",52.304,-2.001,24,50
"2021-08-16 01:23:00",52.304,-1.998,24,50
"2021-08-16 01:24:00",52.304,-2.003,24,50
"2021-08-16 01:25:00",52.304,-2.015,24,50
"2021-08-16 01:26:00",52.304,-2.018,23,50
"2021-08-16 01:27:00",52.304,-2.019,23,49
"2021-08-16 01:28:00",52.304,-2.009,23,49
"2021-08-16 01:29:00",52.304,-2.01,23,49
"2021-08-16 01:30:00",52.304,-2.006,23,49
"2021-08-16 01:31:00",52.304,-2.005,23,49
"2021-08-16 01:32:00",52.304,-2.013,23,49
"2021-08-16 01:33:00",52.304,-2.006,23,49
"2021-08-16 01:34:00",52.304,-2.025,23,49
"2021-08-16 01:35:00",52.304,-2.016,23,49
"2021-08-16 01:36:00",52.288,-2.01,23,49
"2021-08-16 01:37:00",52.304,-1.997,23,49
"2021-08-16 01:38:00",52.304,-1.994,23,48
"2021-08-16 01:39:00",52.304,-2.005,23,48
"2021-08-16 01:40:00",52.304,-2.013,23,48
"2021-08-16 01:41:00",52.304,-2.009,23,48
"2021-08-16 01:42:00",52.288,-2.016,23,48
"2021-08-16 01:43:00",52.288,-2.017,23,48
"2021-08-16 01:44:00",52.288,-1.999,23,48
"2021-08-16 01:45:00",52.288,-1.995,23,48
"2021-08-16 01:46:00",52.288,-2.002,23,48
"2021-08-16 01:47:00",52.304,-2.011,23,48
"2021-08-16 01:48:00",52.304,-2.014,23,48
"2021-08-16 01:49:00",52.304,-2.011,23,48
"2021-08-16 01:50:00",52.288,-2.006,23,48
"2021-08-16 01:51:00",52.288,-1.993,23,48
"2021-08-16 01:52:00",52.288,-1.989,23,48
"2021-08-16 01:53:00",52.288,-1.997,23,47
"2021-08-16 01:54:00",52.288,-1.997,23,47
"2021-08-16 01:55:00",52.288,-2.017,23,47
"2021-08-16 01:56:00",52.288,-2.006,23,47
"2021-08-16 01:57:00",52.288,-2.019,23,47
"2021-08-16 01:58:00",52.288,-2,23,47
"2021-08-16 01:59:00",52.288,-2.012,23,47
"2021-08-16 02:00:00",52.288,-1.986,23,47
"2021-08-16 02:01:00",52.288,-2.025,23,47
"2021-08-16 02:02:00",52.288,-1.995,23,47
"2021-08-16 02:03:00",52.288,-2.013,23,47
"2021-08-16 02:04:00",52.288,-2.014,23,47
"2021-08-16 02:05:00",52.288,-2.005,23,47
"2021-08-16 02:06:00",52.288,-1.996,23,47
"2021-08-16 02:07:00",52.288,-1.983,23,47
"2021-08-16 02:08:00",52.288,-1.985,23,47
"2021-08-16 02:09:00",52.288,-1.989,23,46
"2021-08-16 02:10:00",52.288,-1.996,23,46
"2021-08-16 02:11:00",52.288,-2.008,23,46
"2021-08-16 02:12:00",52.288,-1.996,23,46
"2021-08-16 02:13:00",52.272,-1.991,23,46
"2021-08-16 02:14:00",52.272,-1.989,23,46
"2021-08-16 02:15:00",52.272,-1.982,23,46
"2021-08-16 02:16:00",52.272,-1.988,23,46
"2021-08-16 02:17:00",52.272,-1.989,23,46
"2021-08-16 02:18:00",52.272,-2,23,46
"2021-08-16 02:19:00",52.272,-1.999,23,46
"2021-08-16 02:20:00",52.256,-1.995,23,46
"2021-08-16 02:21:00",52.256,-1.989,23,46
"2021-08-16 02:22:00",52.256,-1.985,23,46
"2021-08-16 02:23:00",52.256,-1.982,23,46
"2021-08-16 02:24:00",52.256,-1.979,23,45
"2021-08-16 02:25:00",52.256,-1.997,23,45
"2021-08-16 02:26:00",52.256,-2.001,23,45
"2021-08-16 02:27:00",52.256,-1.998,23,45
"2021-08-16 02:28:00",52.256,-1.987,23,45
"2021-08-16 02:29:00",52.256,-1.989,23,45
"2021-08-16 02:30:00",52.256,-1.969,23,45
"2021-08-16 02:31:00",52.256,-1.977,23,45
"2021-08-16 02:32:00",52.256,-1.993,23,45
"2021-08-16 02:33:00",52.256,-1.991,23,45
"2021-08-16 02:34:00",52.256,-1.988,23,45
"2021-08-16 02:35:00",52.256,-1.994,23,45
"2021-08-16 02:36:00",52.24,-1.985,23,45
"2021-08-16 02:37:00",52.24,-1.973,23,45
"2021-08-16 02:38:00",52.24,-1.983,23,45
"2021-08-16 02:39:00",52.24,-1.98,23,45
"2021-08-16 02:40:00",52.24,-1.979,23,44
"2021-08-16 02:41:00",52.24,-1.997,23,44
"2021-08-16 02:42:00",52.24,-1.992,23,44
"2021-08-16 02:43:00",52.24,-1.979,23,44
"2021-08-16 02:44:00",52.24,-1.973,23,44
"2021-08-16 02:45:00",52.24,-1.975,22,44
"2021-08-16 02:46:00",52.24,-1.977,22,44
"2021-08-16 02:47:00",52.24,-1.983,22,44
"2021-08-16 02:48:00",52.24,-1.992,22,44
"2021-08-16 02:49:00",52.24,-1.995,22,44
"2021-08-16 02:50:00",52.24,-1.989,22,44
"2021-08-16 02:51:00",52.24,-1.98,22,44
"2021-08-16 02:52:00",52.24,-1.978,22,44
"2021-08-16 02:53:00",52.24,-1.971,22,44
"2021-08-16 02:54:00",52.24,-1.966,22,44
"2021-08-16 02:55:00",52.24,-1.983,22,43
"2021-08-16 02:56:00",52.24,-1.994,22,43
"2021-08-16 02:57:00",52.224,-1.984,22,43
"2021-08-16 02:58:00",52.224,-2.009,22,43
"2021-08-16 02:59:00",52.224,-1.962,22,43
"2021-08-16 03:00:00",52.224,-2.008,22,43
"2021-08-16 03:01:00",52.24,-1.962,22,43
"2021-08-16 03:02:00",52.24,-1.984,22,43
"2021-08-16 03:03:00",52.24,-1.987,22,43
"2021-08-16 03:04:00",52.24,-1.973,22,43
"2021-08-16 03:05:00",52.224,-1.977,22,43
"2021-08-16 03:06:00",52.224,-1.974,22,43
"2021-08-16 03:07:00",52.224,-1.963,22,43
"2021-08-16 03:08:00",52.224,-1.972,22,43
"2021-08-16 03:09:00",52.24,-0.81,22,43
"2021-08-16 03:10:00",52.24,-0.812,22,43
"2021-08-16 03:11:00",52.24,-0.811,22,43
"2021-08-16 03:12:00",52.24,-0.806,22,42
"2021-08-16 03:13:00",52.256,-0.8,22,42
"2021-08-16 03:14:00",52.272,-0.798,22,42
"2021-08-16 03:15:00",52.288,-0.8,22,42
"2021-08-16 03:16:00",52.288,-0.806,22,42
"2021-08-16 03:17:00",52.304,-0.812,22,42
"2021-08-16 03:18:00",52.304,-0.812,22,42
"2021-08-16 03:19:00",52.288,-0.808,22,42
"2021-08-16 03:20:00",52.288,-0.8,22,42
"2021-08-16 03:21:00",52.288,-0.799,22,42
"2021-08-16 03:22:00",52.304,-0.799,22,42
"2021-08-16 03:23:00",52.304,-0.804,22,42
"2021-08-16 03:24:00",52.304,-0.809,22,42
"2021-08-16 03:25:00",52.304,-0.813,22,42
"2021-08-16 03:26:00",52.304,-0.81,22,42
"2021-08-16 03:27:00",52.304,-0.803,22,42
"2021-08-16 03:28:00",52.304,-0.8,22,42
"2021-08-16 03:29:00",52.304,-0.798,22,42
"2021-08-16 03:30:00",52.304,-0.8,22,42
"2021-08-16 03:31:00",52.304,-0.808,22,42
"2021-08-16 03:32:00",52.304,-0.813,22,42
"2021-08-16 03:33:00",52.304,-0.812,22,42
"2021-08-16 03:34:00",52.304,-0.806,22,42
"2021-08-16 03:35:00",52.304,-0.801,22,42
"2021-08-16 03:36:00",52.304,-0.798,22,42
"2021-08-16 03:37:00",52.304,-0.799,22,42
"2021-08-16 03:38:00",52.304,-0.806,22,42
"2021-08-16 03:39:00",52.304,-0.811,22,42
"2021-08-16 03:40:00",52.304,-0.812,22,42
"2021-08-16 03:41:00",52.304,-0.809,22,42
"2021-08-16 03:42:00",52.304,-0.802,22,42
"2021-08-16 03:43:00",52.304,-0.799,22,42
"2021-08-16 03:44:00",52.304,-0.798,22,42
"2021-08-16 03:45:00",52.304,-0.802,22,41
"2021-08-16 03:46:00",52.304,-0.808,22,41
"2021-08-16 03:47:00",52.304,-0.812,22,41
"2021-08-16 03:48:00",52.304,-0.812,22,41
"2021-08-16 03:49:00",52.304,-0.805,22,41
"2021-08-16 03:50:00",52.304,-0.799,22,41
"2021-08-16 03:51:00",52.304,-0.798,22,41
"2021-08-16 03:52:00",52.304,-0.801,22,41
"2021-08-16 03:53:00",52.304,-0.807,22,41
"2021-08-16 03:54:00",52.304,-0.812,22,41
"2021-08-16 03:55:00",52.304,-0.819,22,41
"2021-08-16 03:56:00",52.304,-0.808,22,41
"2021-08-16 03:57:00",52.304,-0.82,22,41
"2021-08-16 03:58:00",52.304,-0.799,22,41
"2021-08-16 03:59:00",52.304,-0.846,22,41
"2021-08-16 04:00:00",52.304,-0.803,22,41
"2021-08-16 04:01:00",52.304,-0.81,22,41
"2021-08-16 04:02:00",52.32,-0.813,22,41
"2021-08-16 04:03:00",52.304,-0.81,22,41
"2021-08-16 04:04:00",52.304,-0.804,22,41
"2021-08-16 04:05:00",52.304,-0.8,22,41
"2021-08-16 04:06:00",52.304,-0.798,22,41
"2021-08-16 04:07:00",52.304,-0.801,22,41
"2021-08-16 04:08:00",52.304,-0.808,22,41
"2021-08-16 04:09:00",52.304,-0.812,22,41
"2021-08-16 04:10:00",52.304,-0.812,22,41
"2021-08-16 04:11:00",52.304,-0.808,22,41
"2021-08-16 04:12:00",52.304,-0.801,22,41
"2021-08-16 04:13:00",52.304,-0.798,21,41
"2021-08-16 04:14:00",52.304,-0.8,22,41
"2021-08-16 04:15:00",52.304,-0.806,21,41
"2021-08-16 04:16:00",52.304,-0.811,21,41
"2021-08-16 04:17:00",52.304,-0.813,21,41
"2021-08-16 04:18:00",52.304,-0.81,21,41
"2021-08-16 04:19:00",52.304,-0.803,21,41
"2021-08-16 04:20:00",52.304,-0.799,21,40
"2021-08-16 04:21:00",52.304,-0.799,21,40
"2021-08-16 04:22:00",52.304,-0.803,21,40
"2021-08-16 04:23:00",52.304,-0.809,21,40
"2021-08-16 04:24:00",52.304,-0.814,21,40
"2021-08-16 04:25:00",52.304,-0.811,21,40
"2021-08-16 04:26:00",52.304,-0.806,21,40
"2021-08-16 04:27:00",52.304,-0.8,21,40
"2021-08-16 04:28:00",52.304,-0.8,21,40
"2021-08-16 04:29:00",52.304,-0.801,21,40
"2021-08-16 04:30:00",52.304,-0.806,21,40
"2021-08-16 04:31:00",52.304,-0.812,21,40
"2021-08-16 04:32:00",52.304,-0.812,21,40
"2021-08-16 04:33:00",52.304,-0.809,21,40
"2021-08-16 04:34:00",52.304,-0.802,21,40
"2021-08-16 04:35:00",52.304,-0.798,21,40
"2021-08-16 04:36:00",52.304,-0.799,21,40
"2021-08-16 04:37:00",52.304,-0.805,21,40
"2021-08-16 04:38:00",52.304,-0.811,21,40
"2021-08-16 04:39:00",52.304,-0.813,21,40
"2021-08-16 04:40:00",52.304,-0.81,21,40
"2021-08-16 04:41:00",52.304,-0.805,21,40
"2021-08-16 04:42:00",52.304,-0.799,21,40
"2021-08-16 04:43:00",52.304,-0.799,21,40
"2021-08-16 04:44:00",52.304,-0.803,21,40
"2021-08-16 04:45:00",52.304,-0.809,21,40
"2021-08-16 04:46:00",52.304,-0.813,21,40
"2021-08-16 04:47:00",52.304,-0.812,21,40
"2021-08-16 04:48:00",52.304,-0.808,21,40
"2021-08-16 04:49:00",52.304,-0.801,21,40
"2021-08-16 04:50:00",52.304,-0.8,21,40
"2021-08-16 04:51:00",52.304,-0.801,21,40
"2021-08-16 04:52:00",52.304,-0.81,21,40
"2021-08-16 04:53:00",52.304,-0.813,21,40
"2021-08-16 04:54:00",52.304,-0.822,21,39
"2021-08-16 04:55:00",52.304,-0.81,21,39
"2021-08-16 04:56:00",52.112,-4.441,21,39
"2021-08-16 04:57:00",52.128,-2.159,21,39
"2021-08-16 04:58:00",52.144,-2.136,21,39
"2021-08-16 04:59:00",52.144,-2.07,21,39
"2021-08-16 05:00:00",52.144,-2.072,21,39
"2021-08-16 05:01:00",52.144,-2.076,21,39
"2021-08-16 05:02:00",52.144,-2.075,21,39
"2021-08-16 05:03:00",52.144,-2.065,21,39
"2021-08-16 05:04:00",52.144,-2.057,21,39
"2021-08-16 05:05:00",52.144,-2.041,21,39
"2021-08-16 05:06:00",52.144,-2.037,21,39
"2021-08-16 05:07:00",52.144,-2.042,21,39
"2021-08-16 05:08:00",52.144,-2.044,21,39
"2021-08-16 05:09:00",52.144,-2.049,21,38
"2021-08-16 05:10:00",52.144,-2.036,21,38
"2021-08-16 05:11:00",52.128,-2.031,21,38
"2021-08-16 05:12:00",52.128,-2.019,21,38
"2021-08-16 05:13:00",52.128,-2.011,21,38
"2021-08-16 05:14:00",52.128,-2.022,21,38
"2021-08-16 05:15:00",52.128,-2.022,21,38
"2021-08-16 05:16:00",52.128,-2.033,21,38
"2021-08-16 05:17:00",52.128,-2.105,21,38
"2021-08-16 05:18:00",52.112,-2.1,21,38
"2021-08-16 05:19:00",52.112,-2.095,21,38
"2021-08-16 05:20:00",52.112,-2.083,21,38
"2021-08-16 05:21:00",52.112,-2.083,21,38
"2021-08-16 05:22:00",52.112,-2.091,21,38
"2021-08-16 05:23:00",52.112,-2.092,21,38
"2021-08-16 05:24:00",52.112,-2.095,21,37
"2021-08-16 05:25:00",52.096,-2.088,21,37
"2021-08-16 05:26:00",52.096,-2.087,21,37
"2021-08-16 05:27:00",52.096,-2.077,21,37
"2021-08-16 05:28:00",52.096,-2.082,21,37
"2021-08-16 05:29:00",52.096,-2.08,21,37
"2021-08-16 05:30:00",52.096,-2.09,21,37
"2021-08-16 05:31:00",52.096,-2.095,21,37
"2021-08-16 05:32:00",52.08,-2.092,21,37
"2021-08-16 05:33:00",52.064,-2.081,21,37
"2021-08-16 05:34:00",52.064,-2.067,21,37
"2021-08-16 05:35:00",52.064,-2.057,21,37
"2021-08-16 05:36:00",52.064,-2.063,21,37
"2021-08-16 05:37:00",52.064,-2.066,21,36
"2021-08-16 05:38:00",52.064,-2.063,21,36
"2021-08-16 05:39:00",52.064,-2.039,21,36
"2021-08-16 05:40:00",52.064,-2.03,21,36
"2021-08-16 05:41:00",52.064,-2.007,21,36
"2021-08-16 05:42:00",52.064,-2.039,21,36
"2021-08-16 05:43:00",52.064,-2.019,21,36
"2021-08-16 05:44:00",52.064,-2.042,21,36
"2021-08-16 05:45:00",52.064,-1.967,21,36
"2021-08-16 05:46:00",52.064,-1.91,21,36
"2021-08-16 05:47:00",52.064,-1.875,21,36
"2021-08-16 05:48:00",52.08,-0.659,21,36
"2021-08-16 05:49:00",52.128,-0.63,21,36
"2021-08-16 05:50:00",52.144,-0.604,21,36
"2021-08-16 05:51:00",52.16,-0.585,21,36
"2021-08-16 05:52:00",52.16,-0.557,21,36
"2021-08-16 05:53:00",52.16,-0.523,21,36
"2021-08-16 05:54:00",52.16,-0.494,21,36
"2021-08-16 05:55:00",52.16,-0.439,20,35
"2021-08-16 05:56:00",52.192,-0.377,20,35
"2021-08-16 05:57:00",52.208,-0.326,20,35
"2021-08-16 05:58:00",52.224,-0.284,20,35
"2021-08-16 05:59:00",52.224,-0.261,20,35
"2021-08-16 06:00:00",52.24,-0.217,20,35
"2021-08-16 06:01:00",52.24,-0.144,20,35
"2021-08-16 06:02:00",52.24,-0.066,20,35
"2021-08-16 06:03:00",52.256,-0.013,20,35
"2021-08-16 06:04:00",52.288,0.033,20,35
"2021-08-16 06:05:00",52.304,0.069,20,35
"2021-08-16 06:06:00",52.304,0.111,20,35
"2021-08-16 06:07:00",52.304,0.151,20,35
"2021-08-16 06:08:00",52.304,0.193,20,35
"2021-08-16 06:09:00",52.32,0.255,20,35
"2021-08-16 06:10:00",52.32,0.317,20,35
"2021-08-16 06:11:00",52.352,0.365,20,35
"2021-08-16 06:12:00",52.384,0.365,20,35
"2021-08-16 06:13:00",52.384,0.425,20,35
"2021-08-16 06:14:00",52.384,0.496,20,35
"2021-08-16 06:15:00",52.384,0.536,20,35
"2021-08-16 06:16:00",52.384,0.588,20,35
"2021-08-16 06:17:00",52.384,0.649,20,35
"2021-08-16 06:18:00",52.432,0.707,20,35
"2021-08-16 06:19:00",52.448,0.756,20,35
"2021-08-16 06:20:00",52.48,0.789,20,35
"2021-08-16 06:21:00",52.48,0.821,20,36
"2021-08-16 06:22:00",52.48,0.859,20,36
"2021-08-16 06:23:00",52.48,0.898,20,36
"2021-08-16 06:24:00",52.512,0.911,20,36
"2021-08-16 06:25:00",52.512,0.977,20,36
"2021-08-16 06:26:00",52.544,1.058,20,36
"2021-08-16 06:27:00",52.56,1.102,20,36
"2021-08-16 06:28:00",52.56,1.144,20,36
"2021-08-16 06:29:00",52.56,1.187,20,36
"2021-08-16 06:30:00",52.56,1.23,20,36
"2021-08-16 06:31:00",52.576,1.272,20,36
"2021-08-16 06:32:00",52.592,1.34,20,36
"2021-08-16 06:33:00",52.624,1.383,20,36
"2021-08-16 06:34:00",52.64,1.427,20,36
"2021-08-16 06:35:00",52.672,1.453,20,36
"2021-08-16 06:36:00",52.672,1.494,20,36
"2021-08-16 06:37:00",52.672,1.538,20,36
"2021-08-16 06:38:00",52.672,1.585,20,36
"2021-08-16 06:39:00",52.672,1.618,20,36
"2021-08-16 06:40:00",52.704,1.67,20,36
"2021-08-16 06:41:00",52.736,1.701,20,36
"2021-08-16 06:42:00",52.752,1.587,20,36
"2021-08-16 06:43:00",52.752,1.607,20,36
"2021-08-16 06:44:00",52.752,1.698,20,36
"2021-08-16 06:45:00",52.752,1.849,20,37
"2021-08-16 06:46:00",52.752,1.877,20,37
"2021-08-16 06:47:00",52.784,1.902,20,37
"2021-08-16 06:48:00",52.816,1.973,20,37
"2021-08-16 06:49:00",52.832,1.966,20,37
"2021-08-16 06:50:00",52.848,2.005,20,37
"2021-08-16 06:51:00",52.832,2.015,20,37
"2021-08-16 06:52:00",52.832,2.039,20,37
"2021-08-16 06:53:00",52.832,2.056,20,37
"2021-08-16 06:54:00",52.848,2.06,20,37
"2021-08-16 06:55:00",52.88,2.158,20,37
"2021-08-16 06:56:00",52.912,2.393,20,38
"2021-08-16 06:57:00",52.912,2.441,20,38
"2021-08-16 06:58:00",52.928,2.475,20,38
"2021-08-16 06:59:00",52.928,2.51,20,38
"2021-08-16 07:00:00",52.928,2.566,20,38
"2021-08-16 07:01:00",52.928,2.635,20,38
"2021-08-16 07:02:00",52.944,2.674,20,38
"2021-08-16 07:03:00",52.976,2.745,20,38
"2021-08-16 07:04:00",52.992,2.758,20,38
"2021-08-16 07:05:00",52.992,2.839,20,38
"2021-08-16 07:06:00",53.008,2.859,20,38
"2021-08-16 07:07:00",53.008,2.938,20,39
"2021-08-16 07:08:00",53.008,3,20,39
"2021-08-16 07:09:00",53.024,2.498,20,39
"2021-08-16 07:10:00",53.024,2.485,20,39
"2021-08-16 07:11:00",53.04,2.452,20,39
"2021-08-16 07:12:00",53.04,2.579,20,39
"2021-08-16 07:13:00",53.04,2.579,20,39
"2021-08-16 07:14:00",53.04,2.67,20,39
"2021-08-16 07:15:00",53.024,2.722,20,39
"2021-08-16 07:16:00",53.024,2.751,20,39
"2021-08-16 07:17:00",53.024,2.839,20,40
"2021-08-16 07:18:00",53.056,2.901,20,40
"2021-08-16 07:19:00",52.976,1.577,20,40
"2021-08-16 07:20:00",52.992,1.623,20,40
"2021-08-16 07:21:00",52.992,1.759,20,40
"2021-08-16 07:22:00",52.976,1.795,20,40
"2021-08-16 07:23:00",51.344,-19.993,20,40
"2021-08-16 07:24:00",50.784,-19.943,20,39
"2021-08-16 07:25:00",50.72,-19.93,20,39
"2021-08-16 07:26:00",50.976,-19.84,20,38
"2021-08-16 07:27:00",51.152,-19.751,20,37
"2021-08-16 07:28:00",51.152,-19.884,20,37
"2021-08-16 07:29:00",50.864,-19.915,20,36
"2021-08-16 07:30:00",50.48,-19.946,20,35
"2021-08-16 07:31:00",51.904,0.936,20,35
"2021-08-16 07:32:00",52.128,1.644,20,35
"2021-08-16 07:33:00",52.208,1.792,20,35
"2021-08-16 07:34:00",52.304,2.199,20,35
"2021-08-16 07:35:00",52.352,2.246,20,35
"2021-08-16 07:36:00",52.368,2.344,20,35
"2021-08-16 07:37:00",52.352,2.386,20,35
"2021-08-16 07:38:00",52.336,2.666,20,35
"2021-08-16 07:39:00",52.4,3.1,20,36
"2021-08-16 07:40:00",52.528,3.608,20,36
"2021-08-16 07:41:00",52.64,4.024,20,36
"2021-08-16 07:42:00",52.72,4.276,20,36
"2021-08-16 07:43:00",52.784,4.806,20,36
"2021-08-16 07:44:00",52.8,5.405,20,36
"2021-08-16 07:45:00",52.8,5.583,20,36
"2021-08-16 07:46:00",52.88,6.18,20,37
"2021-08-16 07:47:00",53.008,6.546,20,37
"2021-08-16 07:48:00",53.136,6.978,20,37
"2021-08-16 07:49:00",53.232,7.472,20,38
"2021-08-16 07:50:00",53.312,7.996,20,38
"2021-08-16 07:51:00",53.344,8.406,20,38
"2021-08-16 07:52:00",53.36,8.893,20,38
"2021-08-16 07:53:00",53.392,9.371,20,39
"2021-08-16 07:54:00",53.504,9.905,20,39
"2021-08-16 07:55:00",53.584,10.242,20,39
"2021-08-16 07:56:00",53.68,10.883,20,40
"2021-08-16 07:57:00",53.744,11.478,20,40
"2021-08-16 07:58:00",53.76,11.999,20,40
"2021-08-16 07:59:00",53.84,14.647,20,41
"2021-08-16 08:00:00",53.84,14.99,20,41
"2021-08-16 08:01:00",53.952,16.53,20,42
"2021-08-16 08:02:00",54.048,17.576,20,42
"2021-08-16 08:03:00",54.112,18.52,21,43
"2021-08-16 08:04:00",54.176,19.597,21,43
"2021-08-16 08:05:00",54.192,20.246,21,44
"2021-08-16 08:06:00",54.24,21.633,21,45
"2021-08-16 08:07:00",54.224,21.787,21,45
"2021-08-16 08:08:00",54.256,22.883,21,46
"2021-08-16 08:09:00",54.336,23.871,21,47
"2021-08-16 08:10:00",54.432,24.851,22,48
"2021-08-16 08:11:00",54.512,25.844,22,48
"2021-08-16 08:12:00",54.544,26.615,22,49
"2021-08-16 08:13:00",54.592,27.734,22,51
"2021-08-16 08:14:00",54.576,28.604,23,51
"2021-08-16 08:15:00",54.608,28.939,23,52
"2021-08-16 08:16:00",54.656,29.21,23,53
"2021-08-16 08:17:00",54.736,29.545,23,54
"2021-08-16 08:18:00",54.768,29.784,23,55
"2021-08-16 08:19:00",54.768,29.971,24,56
"2021-08-16 08:20:00",54.784,30.249,24,57
"2021-08-16 08:21:00",54.784,30.49,24,58
"2021-08-16 08:22:00",54.752,30.714,24,59
"2021-08-16 08:23:00",54.8,31.064,25,60
"2021-08-16 08:24:00",54.848,31.119,25,61
"2021-08-16 08:25:00",54.896,31.501,25,62
"2021-08-16 08:26:00",54.928,31.693,25,63
"2021-08-16 08:27:00",54.928,31.794,26,64
"2021-08-16 08:28:00",54.928,32.052,26,65
"2021-08-16 08:29:00",54.88,31.684,26,66
"2021-08-16 08:30:00",54.896,31.896,26,67
"2021-08-16 08:31:00",54.976,32.077,26,68
"2021-08-16 08:32:00",55.024,32.092,27,69
"2021-08-16 08:33:00",55.04,32.243,27,70
"2021-08-16 08:34:00",55.056,32.314,27,71
"2021-08-16 08:35:00",55.056,32.616,27,72
"2021-08-16 08:36:00",55.056,32.806,27,73
"2021-08-16 08:37:00",54.96,31.859,27,74
"2021-08-16 08:38:00",55.04,32.177,28,75
"2021-08-16 08:39:00",55.12,32.38,28,76
"2021-08-16 08:40:00",55.184,32.526,28,77
"2021-08-16 08:41:00",55.216,32.661,28,78
"2021-08-16 08:42:00",55.2,32.884,28,79
"2021-08-16 08:43:00",55.184,33.112,28,80
"2021-08-16 08:44:00",55.152,33.416,29,81
"2021-08-16 08:45:00",55.248,33.718,29,82
"2021-08-16 08:46:00",55.344,33.996,29,83
"2021-08-16 08:47:00",55.44,34.365,29,84
"2021-08-16 08:48:00",55.488,34.594,29,85
"2021-08-16 08:49:00",55.504,34.866,29,86
"2021-08-16 08:50:00",55.504,35.098,30,87
"2021-08-16 08:51:00",55.504,34.59,30,88
"2021-08-16 08:52:00",55.52,32.961,30,89
"2021-08-16 08:53:00",55.568,32.139,30,91
"2021-08-16 08:54:00",55.6,31.826,30,92
"2021-08-16 08:55:00",55.616,30.1,31,93
"2021-08-16 08:56:00",55.616,28.866,31,94
"2021-08-16 08:57:00",55.504,26.813,31,95
"2021-08-16 08:58:00",55.504,25.578,31,96
"2021-08-16 08:59:00",55.392,21.559,31,96
"2021-08-16 09:00:00",55.392,20.374,31,97
"2021-08-16 09:01:00",55.536,19.625,31,98
"2021-08-16 09:02:00",55.536,17.774,31,98
"2021-08-16 09:03:00",55.52,15.812,31,99
"2021-08-16 09:04:00",55.44,12.818,31,99
"2021-08-16 09:05:00",55.024,11.552,31,100
"2021-08-16 09:06:00",55.04,7.462,31,100
"2021-08-16 09:07:00",55.312,6.952,31,100
"2021-08-16 09:08:00",55.44,5.566,31,100
"2021-08-16 09:09:00",55.408,3.975,31,100
"2021-08-16 09:10:00",55.152,3.481,31,100
"2021-08-16 09:11:00",55.104,3.66,31,100
"2021-08-16 09:12:00",55.136,3.408,31,100
"2021-08-16 09:13:00",55.168,2.468,31,100
"2021-08-16 09:14:00",55.184,2.229,31,100
"2021-08-16 09:15:00",55.2,1.98,31,100
"2021-08-16 09:16:00",54.752,-3.176,31,99
"2021-08-16 09:17:00",54.272,-3.207,31,99
"2021-08-16 09:18:00",53.936,-3.212,31,99
"2021-08-16 09:19:00",53.712,-3.243,31,99
"2021-08-16 09:20:00",53.616,-3.219,31,99
"2021-08-16 09:21:00",53.552,-1.554,31,99
"2021-08-16 09:22:00",53.488,-0.747,31,99
"2021-08-16 09:23:00",53.52,-0.364,31,99
"2021-08-16 09:24:00",53.504,-0.175,31,99
"2021-08-16 09:25:00",53.488,-0.055,31,99
"2021-08-16 09:26:00",53.488,0.029,31,99
"2021-08-16 09:27:00",53.488,0.08,31,99
"2021-08-16 09:28:00",53.488,0.104,30,99
"2021-08-16 09:29:00",53.504,0.096,30,99
"2021-08-16 09:30:00",53.504,0.12,30,99
"2021-08-16 09:31:00",53.488,0.102,30,99
"2021-08-16 09:32:00",53.488,0.131,30,99
"2021-08-16 09:33:00",53.488,0.154,30,99
"2021-08-16 09:34:00",53.488,0.155,30,99
"2021-08-16 09:35:00",53.488,0.156,30,99
"2021-08-16 09:36:00",53.488,0.145,30,99
"2021-08-16 09:37:00",53.488,0.119,30,99
"2021-08-16 09:38:00",53.488,0.139,30,99
"2021-08-16 09:39:00",53.488,0.135,30,99
"2021-08-16 09:40:00",53.488,0.155,30,99
"2021-08-16 09:41:00",53.456,0.163,30,99
"2021-08-16 09:42:00",53.488,0.151,30,99
"2021-08-16 09:43:00",53.488,0.135,30,99
"2021-08-16 09:44:00",53.488,0.119,30,99
"2021-08-16 09:45:00",53.488,0.135,30,99
"2021-08-16 09:46:00",53.488,0.142,30,99
"2021-08-16 09:47:00",53.488,0.139,30,99
"2021-08-16 09:48:00",53.488,0.153,30,99
"2021-08-16 09:49:00",53.488,0.154,30,99
"2021-08-16 09:50:00",53.488,0.141,30,99
"2021-08-16 09:51:00",53.472,0.123,29,99
"2021-08-16 09:52:00",53.472,0.124,29,99
"2021-08-16 09:53:00",53.472,0.128,29,99
"2021-08-16 09:54:00",53.472,0.139,29,99
"2021-08-16 09:55:00",53.472,0.154,29,99
"2021-08-16 09:56:00",53.472,0.141,29,99
"2021-08-16 09:57:00",53.488,0.122,29,99
"2021-08-16 09:58:00",53.488,0.157,29,99
"2021-08-16 09:59:00",53.488,0.139,29,99
"2021-08-16 10:00:00",53.488,0.14,29,100
"2021-08-16 10:01:00",53.488,0.147,29,100
"2021-08-16 10:02:00",53.488,0.145,29,100
"2021-08-16 10:03:00",53.488,0.129,29,100
"2021-08-16 10:04:00",53.488,0.118,29,100
"2021-08-16 10:05:00",53.488,0.122,29,100
"2021-08-16 10:06:00",53.488,0.115,29,100
"2021-08-16 10:07:00",53.488,0.114,29,100
"2021-08-16 10:08:00",53.488,0.129,29,100
"2021-08-16 10:09:00",53.488,0.134,29,100
"2021-08-16 10:10:00",53.488,0.128,29,100
"2021-08-16 10:11:00",53.488,0.119,29,100
"2021-08-16 10:12:00",53.488,0.109,29,100
"2021-08-16 10:13:00",53.488,0.111,29,100
"2021-08-16 10:14:00",53.488,0.124,29,100
"2021-08-16 10:15:00",53.488,0.123,29,100
"2021-08-16 10:16:00",53.488,0.134,29,100
"2021-08-16 10:17:00",53.488,0.131,29,100
"2021-08-16 10:18:00",53.488,0.114,28,100
"2021-08-16 10:19:00",53.488,0.095,28,100
"2021-08-16 10:20:00",53.488,0.111,28,100
"2021-08-16 10:21:00",53.488,0.107,28,100
"2021-08-16 10:22:00",53.488,0.117,28,100
"2021-08-16 10:23:00",53.488,0.11,28,100
"2021-08-16 10:24:00",53.488,0.125,28,100
"2021-08-16 10:25:00",53.488,0.113,28,100
"2021-08-16 10:26:00",53.488,0.112,28,100
"2021-08-16 10:27:00",53.488,0.098,28,100
"2021-08-16 10:28:00",53.488,0.095,28,100
"2021-08-16 10:29:00",53.472,0.117,28,100
"2021-08-16 10:30:00",53.472,0.12,28,100
"2021-08-16 10:31:00",53.472,0.127,28,100
"2021-08-16 10:32:00",53.472,0.112,28,100
"2021-08-16 10:33:00",53.472,0.103,28,100
"2021-08-16 10:34:00",53.472,0.086,28,100
"2021-08-16 10:35:00",53.472,0.099,28,100
"2021-08-16 10:36:00",53.472,0.103,28,100
"2021-08-16 10:37:00",53.472,0.108,28,100
"2021-08-16 10:38:00",53.472,0.119,28,100
"2021-08-16 10:39:00",53.472,0.115,28,100
"2021-08-16 10:40:00",53.472,0.113,28,100
"2021-08-16 10:41:00",53.472,0.105,28,100
"2021-08-16 10:42:00",53.472,0.1,28,100
"2021-08-16 10:43:00",53.472,0.115,28,100
"2021-08-16 10:44:00",53.472,0.117,28,100
"2021-08-16 10:45:00",53.472,0.12,28,100
"2021-08-16 10:46:00",53.472,0.117,28,100
"2021-08-16 10:47:00",53.472,0.101,28,100
"2021-08-16 10:48:00",53.472,0.1,28,100
"2021-08-16 10:49:00",53.472,0.084,28,100
"2021-08-16 10:50:00",53.472,0.083,28,100
"2021-08-16 10:51:00",53.472,0.1,28,100
"2021-08-16 10:52:00",53.472,0.103,28,100
"2021-08-16 10:53:00",53.472,0.102,28,100
"2021-08-16 10:54:00",53.472,0.113,28,100
"2021-08-16 10:55:00",53.472,0.082,28,100
"2021-08-16 10:56:00",53.472,0.09,28,100
"2021-08-16 10:57:00",53.472,0.085,27,100
"2021-08-16 10:58:00",53.472,0.103,27,100
"2021-08-16 10:59:00",53.472,0.119,27,100
"2021-08-16 11:00:00",53.472,0.118,27,100
"2021-08-16 11:01:00",53.472,0.111,27,100
"2021-08-16 11:02:00",53.488,0.105,27,100
"2021-08-16 11:03:00",53.488,0.099,27,100
"2021-08-16 11:04:00",53.472,0.088,27,100
"2021-08-16 11:05:00",53.472,0.079,27,100
"2021-08-16 11:06:00",53.472,0.091,27,100
"2021-08-16 11:07:00",53.472,0.096,27,100
"2021-08-16 11:08:00",53.472,0.105,27,100
"2021-08-16 11:09:00",53.472,0.102,27,100
"2021-08-16 11:10:00",53.472,0.125,27,100
"2021-08-16 11:11:00",53.472,0.113,27,100
"2021-08-16 11:12:00",53.472,0.112,27,100
"2021-08-16 11:13:00",53.472,0.08,27,100
"2021-08-16 11:14:00",53.472,0.108,27,100
"2021-08-16 11:15:00",53.472,0.096,27,100
"2021-08-16 11:16:00",53.472,0.108,27,100
"2021-08-16 11:17:00",53.472,0.101,27,100
"2021-08-16 11:18:00",53.472,0.086,27,100
"2021-08-16 11:19:00",53.472,0.077,27,100
"2021-08-16 11:20:00",53.472,0.102,27,100
"2021-08-16 11:21:00",53.472,0.096,27,100
"2021-08-16 11:22:00",53.472,0.107,27,100
"2021-08-16 11:23:00",53.472,0.107,27,100
"2021-08-16 11:24:00",53.472,0.093,27,100
"2021-08-16 11:25:00",53.472,0.089,27,100
"2021-08-16 11:26:00",53.472,0.074,27,100
"2021-08-16 11:27:00",53.472,0.09,27,100
"2021-08-16 11:28:00",53.472,0.098,27,100
"2021-08-16 11:29:00",53.472,0.109,27,100
"2021-08-16 11:30:00",53.472,0.099,27,100
"2021-08-16 11:31:00",53.472,0.106,27,100
"2021-08-16 11:32:00",53.472,0.074,27,100
"2021-08-16 11:33:00",53.472,0.089,27,100
"2021-08-16 11:34:00",53.472,0.084,27,100
"2021-08-16 11:35:00",53.472,0.092,27,100
"2021-08-16 11:36:00",53.472,0.092,27,100
"2021-08-16 11:37:00",53.472,0.108,27,100
"2021-08-16 11:38:00",53.472,0.089,27,100
"2021-08-16 11:39:00",53.472,0.103,27,100
"2021-08-16 11:40:00",53.472,0.082,27,99
"2021-08-16 11:41:00",53.472,0.085,27,100
"2021-08-16 11:42:00",53.52,0.06,27,100
"2021-08-16 11:43:00",53.504,0.078,27,100
"2021-08-16 11:44:00",53.504,0.095,27,100
"2021-08-16 11:45:00",53.504,0.102,27,100
"2021-08-16 11:46:00",53.504,0.101,27,100
"2021-08-16 11:47:00",53.504,0.088,27,100
"2021-08-16 11:48:00",53.504,0.075,27,100
"2021-08-16 11:49:00",53.504,0.059,27,100
"2021-08-16 11:50:00",53.504,0.076,27,100
"2021-08-16 11:51:00",53.504,0.084,27,100
"2021-08-16 11:52:00",53.504,0.097,27,100
"2021-08-16 11:53:00",53.504,0.098,27,100
"2021-08-16 11:54:00",53.504,0.112,27,100
"2021-08-16 11:55:00",53.504,0.084,27,100
"2021-08-16 11:56:00",53.504,0.072,27,100
"2021-08-16 11:57:00",53.504,0.076,27,100
"2021-08-16 11:58:00",53.504,0.07,27,100
"2021-08-16 11:59:00",53.504,0.087,26,100
"2021-08-16 12:00:00",53.504,0.101,27,100
"2021-08-16 12:01:00",53.504,0.091,26,100
"2021-08-16 12:02:00",53.504,0.083,26,100
"2021-08-16 12:03:00",53.504,0.076,26,100
"2021-08-16 12:04:00",53.504,0.069,26,100
"2021-08-16 12:05:00",53.504,0.079,26,100
"2021-08-16 12:06:00",53.504,0.079,26,100
"2021-08-16 12:07:00",53.504,0.089,26,100
"2021-08-16 12:08:00",53.504,0.1,26,100
"2021-08-16 12:09:00",53.504,0.085,26,100
"2021-08-16 12:10:00",53.504,0.087,26,100
"2021-08-16 12:11:00",53.504,0.076,26,100
"2021-08-16 12:12:00",53.504,0.075,26,100
"2021-08-16 12:13:00",53.504,0.08,26,100
"2021-08-16 12:14:00",53.488,0.088,26,100
"2021-08-16 12:15:00",53.504,0.098,26,100
"2021-08-16 12:16:00",53.504,0.096,26,100
"2021-08-16 12:17:00",53.504,0.082,26,100
"2021-08-16 12:18:00",53.504,0.076,26,100
"2021-08-16 12:19:00",53.504,0.063,26,100
"2021-08-16 12:20:00",53.504,0.086,26,100
"2021-08-16 12:21:00",53.504,0.088,26,100
"2021-08-16 12:22:00",53.504,0.079,26,100
"2021-08-16 12:23:00",53.504,0.09,26,100
"2021-08-16 12:24:00",53.504,0.097,26,100
"2021-08-16 12:25:00",53.504,0.096,26,100
"2021-08-16 12:26:00",53.504,0.079,26,100
"2021-08-16 12:27:00",53.504,0.071,26,100
"2021-08-16 12:28:00",53.504,0.061,26,100
"2021-08-16 12:29:00",53.488,0.084,26,100
"2021-08-16 12:30:00",53.472,0.085,26,100
"2021-08-16 12:31:00",53.488,0.09,26,100
"2021-08-16 12:32:00",53.488,0.088,26,100
"2021-08-16 12:33:00",53.488,0.097,26,100
"2021-08-16 12:34:00",53.488,0.074,26,100
"2021-08-16 12:35:00",53.488,0.069,26,100
"2021-08-16 12:36:00",53.488,0.074,26,100
"2021-08-16 12:37:00",53.488,0.072,26,100
"2021-08-16 12:38:00",53.488,0.078,26,100
"2021-08-16 12:39:00",53.488,0.095,26,100
"2021-08-16 12:40:00",53.488,0.077,26,100
"2021-08-16 12:41:00",53.488,0.091,26,100
"2021-08-16 12:42:00",53.488,0.078,26,100
"2021-08-16 12:43:00",53.488,0.072,26,100
"2021-08-16 12:44:00",53.488,0.07,26,100
"2021-08-16 12:45:00",53.488,0.068,26,100
"2021-08-16 12:46:00",53.488,0.088,26,100
"2021-08-16 12:47:00",53.488,0.081,26,100
"2021-08-16 12:48:00",53.488,0.104,26,100
"2021-08-16 12:49:00",53.488,0.087,26,100
"2021-08-16 12:50:00",53.488,0.072,26,100
"2021-08-16 12:51:00",53.488,0.059,26,100
"2021-08-16 12:52:00",53.488,0.075,26,100
"2021-08-16 12:53:00",53.488,0.079,26,100
"2021-08-16 12:54:00",53.488,0.091,26,100
"2021-08-16 12:55:00",53.488,0.093,26,100
"2021-08-16 12:56:00",53.488,0.081,26,100
"2021-08-16 12:57:00",53.488,0.072,26,100
"2021-08-16 12:58:00",53.488,0.067,26,100
"2021-08-16 12:59:00",53.488,0.081,26,100
"2021-08-16 13:00:00",53.488,0.088,26,100
"2021-08-16 13:01:00",53.488,0.081,26,100
"2021-08-16 13:02:00",53.488,0.093,26,100
"2021-08-16 13:03:00",53.488,0.079,26,100
"2021-08-16 13:04:00",53.488,0.089,26,100
"2021-08-16 13:05:00",53.488,0.062,26,100
"2021-08-16 13:06:00",53.488,0.08,26,100
"2021-08-16 13:07:00",53.488,0.079,26,100
"2021-08-16 13:08:00",53.488,0.078,26,100
"2021-08-16 13:09:00",53.472,0.085,26,100
"2021-08-16 13:10:00",53.472,0.079,26,100
"2021-08-16 13:11:00",53.488,0.084,26,100
"2021-08-16 13:12:00",53.488,0.081,26,100
"2021-08-16 13:13:00",53.488,0.081,26,100
"2021-08-16 13:14:00",53.488,0.069,26,100
"2021-08-16 13:15:00",53.488,0.071,26,100
"2021-08-16 13:16:00",53.488,0.077,26,100
"2021-08-16 13:17:00",53.472,0.093,26,100
"2021-08-16 13:18:00",53.472,0.082,26,100
"2021-08-16 13:19:00",53.488,0.083,26,100
"2021-08-16 13:20:00",53.488,0.085,26,100
"2021-08-16 13:21:00",53.488,0.073,26,100
"2021-08-16 13:22:00",53.488,0.069,26,100
"2021-08-16 13:23:00",53.488,0.068,26,100
"2021-08-16 13:24:00",53.488,0.077,26,100
"2021-08-16 13:25:00",53.488,0.087,26,100
"2021-08-16 13:26:00",53.488,0.079,26,100
"2021-08-16 13:27:00",53.488,0.094,26,100
"2021-08-16 13:28:00",53.488,0.08,26,100
"2021-08-16 13:29:00",53.488,0.07,26,100
"2021-08-16 13:30:00",53.488,0.073,26,100
"2021-08-16 13:31:00",53.488,0.063,26,100
"2021-08-16 13:32:00",53.488,0.085,26,100
"2021-08-16 13:33:00",53.488,0.094,26,100
"2021-08-16 13:34:00",53.488,0.096,26,100
"2021-08-16 13:35:00",53.488,0.091,26,100
"2021-08-16 13:36:00",53.488,0.087,26,100
"2021-08-16 13:37:00",53.488,0.074,26,100
"2021-08-16 13:38:00",53.488,0.06,26,100
"2021-08-16 13:39:00",53.488,0.072,26,100
"2021-08-16 13:40:00",53.488,0.071,26,100
"2021-08-16 13:41:00",53.488,0.095,26,100
"2021-08-16 13:42:00",53.488,0.092,26,100
"2021-08-16 13:43:00",53.488,0.087,26,100
"2021-08-16 13:44:00",53.488,0.074,26,100
"2021-08-16 13:45:00",53.488,0.076,26,100
"2021-08-16 13:46:00",53.488,0.079,26,100
"2021-08-16 13:47:00",53.488,0.08,26,100
"2021-08-16 13:48:00",53.488,0.071,26,100
"2021-08-16 13:49:00",53.488,0.091,26,100
"2021-08-16 13:50:00",53.488,0.091,26,100
"2021-08-16 13:51:00",53.488,0.085,26,100
"2021-08-16 13:52:00",53.488,0.076,26,100
"2021-08-16 13:53:00",53.488,0.073,26,100
"2021-08-16 13:54:00",53.488,0.071,26,100
"2021-08-16 13:55:00",53.488,0.073,26,100
"2021-08-16 13:56:00",53.488,0.079,26,100
"2021-08-16 13:57:00",53.488,0.084,26,100
"2021-08-16 13:58:00",53.488,0.094,26,100
"2021-08-16 13:59:00",53.488,0.078,26,100
"2021-08-16 14:00:00",53.488,0.077,26,100
"2021-08-16 14:01:00",53.488,0.062,26,100
"2021-08-16 14:02:00",53.488,0.072,26,100
"2021-08-16 14:03:00",53.488,0.069,26,100
"2021-08-16 14:04:00",53.488,0.081,26,100
"2021-08-16 14:05:00",53.488,0.089,26,100
"2021-08-16 14:06:00",53.488,0.09,26,100
"2021-08-16 14:07:00",53.488,0.095,26,100
"2021-08-16 14:08:00",53.488,0.067,26,100
"2021-08-16 14:09:00",53.488,0.062,26,100
"2021-08-16 14:10:00",53.488,0.067,26,100
"2021-08-16 14:11:00",53.488,0.062,26,100
"2021-08-16 14:12:00",53.488,0.082,26,100
"2021-08-16 14:13:00",53.488,0.084,26,100
"2021-08-16 14:14:00",53.488,0.086,26,100
"2021-08-16 14:15:00",53.488,0.087,26,100
"2021-08-16 14:16:00",53.392,0.077,26,100
"2021-08-16 14:17:00",53.472,0.07,26,100
"2021-08-16 14:18:00",53.472,0.065,26,100
"2021-08-16 14:19:00",53.472,0.079,26,100
"2021-08-16 14:20:00",53.472,0.077,26,100
"2021-08-16 14:21:00",53.472,0.093,26,100
"2021-08-16 14:22:00",53.472,0.097,26,100
"2021-08-16 14:23:00",53.472,0.08,26,100
"2021-08-16 14:24:00",53.472,0.073,26,100
"2021-08-16 14:25:00",53.472,0.056,26,100
"2021-08-16 14:26:00",53.472,0.078,26,100
"2021-08-16 14:27:00",53.472,0.078,26,100
"2021-08-16 14:28:00",53.472,0.081,26,100
"2021-08-16 14:29:00",53.472,0.087,26,100
"2021-08-16 14:30:00",53.472,0.089,26,100
"2021-08-16 14:31:00",53.472,0.091,26,100
"2021-08-16 14:32:00",53.472,0.083,26,100
"2021-08-16 14:33:00",53.472,0.059,26,100
"2021-08-16 14:34:00",53.472,0.075,26,100
"2021-08-16 14:35:00",53.472,0.077,26,100
"2021-08-16 14:36:00",53.472,0.074,26,100
"2021-08-16 14:37:00",53.472,0.086,26,100
"2021-08-16 14:38:00",53.472,0.09,26,100
"2021-08-16 14:39:00",53.472,0.081,26,100
"2021-08-16 14:40:00",53.472,0.07,26,100
"2021-08-16 14:41:00",53.472,0.056,26,100
"2021-08-16 14:42:00",53.472,0.058,26,100
"2021-08-16 14:43:00",53.472,0.074,26,100
"2021-08-16 14:44:00",53.472,0.077,26,100
"2021-08-16 14:45:00",53.472,0.093,26,100
"2021-08-16 14:46:00",53.472,0.087,26,100
"2021-08-16 14:47:00",53.472,0.083,26,100
"2021-08-16 14:48:00",53.472,0.074,26,100
"2021-08-16 14:49:00",53.472,0.068,26,100
"2021-08-16 14:50:00",53.472,0.065,26,100
"2021-08-16 14:51:00",53.472,0.074,26,100
"2021-08-16 14:52:00",53.472,0.1,26,100
"2021-08-16 14:53:00",53.472,0.087,26,100
"2021-08-16 14:54:00",53.472,0.093,26,100
"2021-08-16 14:55:00",53.472,0.077,26,100
"2021-08-16 14:56:00",53.472,0.077,26,100
"2021-08-16 14:57:00",53.472,0.066,26,100
"2021-08-16 14:58:00",53.472,0.062,26,100
"2021-08-16 14:59:00",53.472,0.083,26,100
"2021-08-16 15:00:00",53.472,0.082,26,100
"2021-08-16 15:01:00",53.456,-0.238,26,99
"2021-08-16 15:02:00",53.504,-0.032,26,100
"2021-08-16 15:03:00",53.536,0.01,26,100
"2021-08-16 15:04:00",53.536,0.02,26,100
"2021-08-16 15:05:00",53.536,0.002,26,100
"2021-08-16 15:06:00",53.424,0,26,100
"2021-08-16 15:07:00",53.376,0.017,26,99
"2021-08-16 15:08:00",53.376,0.054,26,99
"2021-08-16 15:09:00",53.408,0.109,26,100
"2021-08-16 15:10:00",53.488,0.117,26,100
"2021-08-16 15:11:00",53.536,0.102,26,100
"2021-08-16 15:12:00",53.536,0.056,26,100
"2021-08-16 15:13:00",53.504,0.027,26,100
"2021-08-16 15:14:00",53.44,0.027,26,100
"2021-08-16 15:15:00",53.36,0.041,26,100
"2021-08-16 15:16:00",53.36,0.073,26,99
"2021-08-16 15:17:00",53.408,0.122,26,100
"2021-08-16 15:18:00",53.488,0.116,26,100
"2021-08-16 15:19:00",53.536,0.098,26,100
"2021-08-16 15:20:00",53.536,0.061,26,100
"2021-08-16 15:21:00",53.52,0.04,26,100
"2021-08-16 15:22:00",53.424,0.027,26,100
"2021-08-16 15:23:00",53.376,0.048,26,100
"2021-08-16 15:24:00",53.376,0.086,26,100
"2021-08-16 15:25:00",53.408,0.105,26,100
"2021-08-16 15:26:00",53.504,0.115,26,100
"2021-08-16 15:27:00",53.504,0.299,26,100
"2021-08-16 15:28:00",53.504,0.19,26,100
"2021-08-16 15:29:00",53.488,0.142,26,100
"2021-08-16 15:30:00",53.488,0.116,26,100
"2021-08-16 15:31:00",53.488,0.095,26,100
"2021-08-16 15:32:00",53.408,0.081,26,99
"2021-08-16 15:33:00",53.424,0.08,26,100
"2021-08-16 15:34:00",53.456,0.073,26,100
"2021-08-16 15:35:00",53.456,0.084,26,100
"2021-08-16 15:36:00",53.456,0.065,26,100
"2021-08-16 15:37:00",53.456,0.061,26,100
"2021-08-16 15:38:00",53.456,0.074,26,100
"2021-08-16 15:39:00",53.456,0.071,26,100
"2021-08-16 15:40:00",53.456,0.073,26,100
"2021-08-16 15:41:00",53.456,0.069,26,100
"2021-08-16 15:42:00",53.456,0.078,26,100
"2021-08-16 15:43:00",53.456,0.083,26,100
"2021-08-16 15:44:00",53.472,0.061,26,100
"2021-08-16 15:45:00",53.472,0.068,26,100
"2021-08-16 15:46:00",53.472,0.071,26,100
"2021-08-16 15:47:00",53.472,0.068,26,100
"2021-08-16 15:48:00",53.472,0.085,26,100
"2021-08-16 15:49:00",53.472,0.09,26,100
"2021-08-16 15:50:00",53.472,0.078,26,100
"2021-08-16 15:51:00",53.472,0.079,26,100
"2021-08-16 15:52:00",53.472,0.069,26,100
"2021-08-16 15:53:00",53.472,0.063,26,100
"2021-08-16 15:54:00",53.472,0.069,26,100
"2021-08-16 15:55:00",53.472,0.079,26,100
"2021-08-16 15:56:00",53.472,0.086,26,100
"2021-08-16 15:57:00",53.472,0.085,26,100
"2021-08-16 15:58:00",53.472,0.071,26,100
"2021-08-16 15:59:00",53.472,0.081,26,100
"2021-08-16 16:00:00",53.472,0.063,26,100
"2021-08-16 16:01:00",53.472,0.063,26,100
"2021-08-16 16:02:00",53.456,0.075,26,100
"2021-08-16 16:03:00",53.456,0.084,26,100
"2021-08-16 16:04:00",53.456,0.084,26,100
"2021-08-16 16:05:00",53.456,0.087,26,100
"2021-08-16 16:06:00",53.472,0.078,26,100
"2021-08-16 16:07:00",53.472,0.075,26,100
"2021-08-16 16:08:00",53.472,0.074,26,100
"2021-08-16 16:09:00",53.472,0.056,26,100
"2021-08-16 16:10:00",53.472,0.065,26,100
"2021-08-16 16:11:00",53.472,0.071,26,100
"2021-08-16 16:12:00",53.472,0.09,26,100
"2021-08-16 16:13:00",53.472,0.094,26,100
"2021-08-16 16:14:00",53.472,0.094,26,100
"2021-08-16 16:15:00",53.472,0.069,26,100
"2021-08-16 16:16:00",53.472,0.062,26,100
"2021-08-16 16:17:00",53.472,0.061,26,100
"2021-08-16 16:18:00",53.472,0.072,26,100
"2021-08-16 16:19:00",53.472,0.079,26,100
"2021-08-16 16:20:00",53.472,0.074,26,100
"2021-08-16 16:21:00",53.472,0.084,26,100
"2021-08-16 16:22:00",53.472,0.084,26,100
"2021-08-16 16:23:00",53.472,0.074,26,100
"2021-08-16 16:24:00",53.472,0.077,26,100
"2021-08-16 16:25:00",53.472,0.067,26,100
"2021-08-16 16:26:00",53.472,0.064,26,100
"2021-08-16 16:27:00",53.472,0.081,26,100
"2021-08-16 16:28:00",53.472,0.082,26,100
"2021-08-16 16:29:00",53.472,0.086,26,100
"2021-08-16 16:30:00",53.472,0.084,26,100
"2021-08-16 16:31:00",53.472,0.07,26,100
"2021-08-16 16:32:00",53.472,0.068,26,100
"2021-08-16 16:33:00",53.472,0.063,26,100
"2021-08-16 16:34:00",53.472,0.065,26,100
"2021-08-16 16:35:00",53.472,0.071,26,100
"2021-08-16 16:36:00",53.472,0.08,26,100
"2021-08-16 16:37:00",53.472,0.082,26,100
"2021-08-16 16:38:00",53.472,0.086,26,100
"2021-08-16 16:39:00",53.472,0.094,26,100
"2021-08-16 16:40:00",53.472,0.068,26,100
"2021-08-16 16:41:00",53.472,0.043,26,100
"2021-08-16 16:42:00",53.456,0.052,26,100
"2021-08-16 16:43:00",53.456,0.066,26,100
"2021-08-16 16:44:00",53.456,0.083,26,100
"2021-08-16 16:45:00",53.456,0.099,26,100
"2021-08-16 16:46:00",53.472,0.08,26,100
"2021-08-16 16:47:00",53.472,0.083,26,100
"2021-08-16 16:48:00",53.456,0.054,26,100
"2021-08-16 16:49:00",53.456,0.046,26,100
"2021-08-16 16:50:00",53.456,0.061,26,100
"2021-08-16 16:51:00",53.44,0.07,26,100
"2021-08-16 16:52:00",53.44,0.091,26,100
"2021-08-16 16:53:00",53.456,0.096,26,100
"2021-08-16 16:54:00",53.472,0.089,26,100
"2021-08-16 16:55:00",53.472,0.078,26,100
"2021-08-16 16:56:00",53.472,0.066,26,100
"2021-08-16 16:57:00",53.472,0.061,26,100
"2021-08-16 16:58:00",53.456,0.057,26,100
"2021-08-16 16:59:00",53.456,0.071,26,100
"2021-08-16 17:00:00",53.456,0.077,26,100
"2021-08-16 17:01:00",53.456,0.081,26,100
"2021-08-16 17:02:00",53.456,0.091,26,100
"2021-08-16 17:03:00",53.472,0.069,26,100
"2021-08-16 17:04:00",53.472,0.062,26,100
"2021-08-16 17:05:00",53.472,0.053,26,100
"2021-08-16 17:06:00",53.456,0.057,25,100
"2021-08-16 17:07:00",53.456,0.067,25,100
"2021-08-16 17:08:00",53.456,0.076,25,100
"2021-08-16 17:09:00",53.456,0.087,25,100
"2021-08-16 17:10:00",53.472,0.086,25,100
"2021-08-16 17:11:00",53.472,0.073,25,100
"2021-08-16 17:12:00",53.472,0.062,25,100
"2021-08-16 17:13:00",53.472,0.053,25,100
"2021-08-16 17:14:00",53.456,0.077,25,100
"2021-08-16 17:15:00",53.456,0.074,25,100
"2021-08-16 17:16:00",53.456,0.094,25,100
"2021-08-16 17:17:00",53.456,0.094,25,100
"2021-08-16 17:18:00",53.472,0.087,25,100
"2021-08-16 17:19:00",53.472,0.07,25,100
"2021-08-16 17:20:00",53.472,0.089,25,100
"2021-08-16 17:21:00",53.472,0.082,25,100
"2021-08-16 17:22:00",53.472,0.075,25,100
"2021-08-16 17:23:00",53.472,0.076,25,100
"2021-08-16 17:24:00",53.472,0.082,25,100
"2021-08-16 17:25:00",53.472,0.092,25,100
"2021-08-16 17:26:00",53.472,0.082,25,100
"2021-08-16 17:27:00",53.472,0.069,25,100
"2021-08-16 17:28:00",53.472,0.061,25,100
"2021-08-16 17:29:00",53.456,0.068,25,100
"2021-08-16 17:30:00",53.456,0.076,25,100
"2021-08-16 17:31:00",53.456,0.085,25,100
"2021-08-16 17:32:00",53.456,0.082,25,100
"2021-08-16 17:33:00",53.456,0.081,25,100
"2021-08-16 17:34:00",53.472,0.064,25,100
"2021-08-16 17:35:00",53.472,0.062,25,100
"2021-08-16 17:36:00",53.472,0.038,25,100
"2021-08-16 17:37:00",53.472,0.045,25,100
"2021-08-16 17:38:00",53.456,0.064,25,100
"2021-08-16 17:39:00",53.456,0.082,25,100
"2021-08-16 17:40:00",53.456,0.077,25,100
"2021-08-16 17:41:00",53.456,0.089,25,100
"2021-08-16 17:42:00",53.472,0.079,25,100
"2021-08-16 17:43:00",53.472,0.057,25,100
"2021-08-16 17:44:00",53.472,0.077,25,100
"2021-08-16 17:45:00",53.472,0.048,25,100
"2021-08-16 17:46:00",53.472,0.082,25,100
"2021-08-16 17:47:00",53.472,0.071,25,100
"2021-08-16 17:48:00",53.472,0.095,25,100
"2021-08-16 17:49:00",53.472,0.263,25,100
"2021-08-16 17:50:00",53.472,0.109,25,100
"2021-08-16 17:51:00",53.472,0.083,25,100
"2021-08-16 17:52:00",,,,
"2021-08-16 17:53:00",53.456,0.016,25,100
"2021-08-16 17:54:00",53.456,0.048,25,100
"2021-08-16 17:55:00",53.456,0.074,25,100
"2021-08-16 17:56:00",53.456,0.08,25,100
"2021-08-16 17:57:00",53.472,0.095,25,100
"2021-08-16 17:58:00",53.472,0.084,25,100
"2021-08-16 17:59:00",53.472,0.057,25,100
"2021-08-16 18:00:00",53.472,0.053,25,100
"2021-08-16 18:01:00",53.472,0.052,25,100
"2021-08-16 18:02:00",53.456,0.083,25,100
"2021-08-16 18:03:00",53.456,0.082,25,100
"2021-08-16 18:04:00",53.456,0.091,25,100
"2021-08-16 18:05:00",53.472,0.099,25,100
"2021-08-16 18:06:00",53.472,0.085,25,100
"2021-08-16 18:07:00",53.472,0.061,25,100
"2021-08-16 18:08:00",53.472,0.051,25,100
"2021-08-16 18:09:00",53.456,0.065,25,100
"2021-08-16 18:10:00",53.456,0.072,25,100
"2021-08-16 18:11:00",53.456,0.098,25,100
"2021-08-16 18:12:00",53.472,0.096,25,100
"2021-08-16 18:13:00",53.472,-0.044,25,100
"2021-08-16 18:14:00",53.472,0.023,25,100
"2021-08-16 18:15:00",53.472,0.045,25,100
"2021-08-16 18:16:00",53.472,0.016,25,100
"2021-08-16 18:17:00",53.456,-0.008,25,100
"2021-08-16 18:18:00",53.44,-0.319,25,99
"2021-08-16 18:19:00",53.44,-0.232,25,99
"2021-08-16 18:20:00",53.44,-0.255,25,99
"2021-08-16 18:21:00",53.44,-0.151,25,99
"2021-08-16 18:22:00",53.44,-0.271,25,99
"2021-08-16 18:23:00",53.44,0.338,25,100
"2021-08-16 18:24:00",53.264,-1.039,25,99
"2021-08-16 18:25:00",53.264,-0.985,25,99
"2021-08-16 18:26:00",53.264,-0.931,25,99
"2021-08-16 18:27:00",53.264,-0.945,25,99
"2021-08-16 18:28:00",53.264,-1.011,25,99
"2021-08-16 18:29:00",53.264,-1.081,25,99
"2021-08-16 18:30:00",53.264,-1.199,25,99
"2021-08-16 18:31:00",53.2,-1.246,25,99
"2021-08-16 18:32:00",53.104,-1.257,25,99
"2021-08-16 18:33:00",53.088,-1.261,25,99
"2021-08-16 18:34:00",53.072,-1.315,25,99
"2021-08-16 18:35:00",53.072,-1.156,25,99
"2021-08-16 18:36:00",53.072,-1.033,25,99
"2021-08-16 18:37:00",53.088,-1.018,25,99
"2021-08-16 18:38:00",53.088,-0.991,25,99
"2021-08-16 18:39:00",53.072,-0.98,25,99
"2021-08-16 18:40:00",53.008,-0.996,25,99
"2021-08-16 18:41:00",53.008,-0.965,25,99
"2021-08-16 18:42:00",53.008,-0.956,25,99
"2021-08-16 18:43:00",53.008,-0.991,25,99
"2021-08-16 18:44:00",53.008,-2.227,25,99
"2021-08-16 18:45:00",52.992,-3.179,25,99
"2021-08-16 18:46:00",52.96,-3.27,25,99
"2021-08-16 18:47:00",52.848,-3.256,25,98
"2021-08-16 18:48:00",52.736,-3.446,25,98
"2021-08-16 18:49:00",52.704,-3.281,25,98
"2021-08-16 18:50:00",52.752,-3.283,25,98
"2021-08-16 18:51:00",52.816,-3.267,25,98
"2021-08-16 18:52:00",52.832,-3.308,25,98
"2021-08-16 18:53:00",52.848,-3.41,25,98
"2021-08-16 18:54:00",52.864,-3.69,25,98
"2021-08-16 18:55:00",52.784,-3.605,25,98
"2021-08-16 18:56:00",52.72,-3.625,25,97
"2021-08-16 18:57:00",52.72,-3.852,25,97
"2021-08-16 18:58:00",52.752,-3.864,25,97
"2021-08-16 18:59:00",52.8,-3.867,25,97
"2021-08-16 19:00:00",52.832,-3.866,25,97
"2021-08-16 19:01:00",52.832,-3.905,25,97
"2021-08-16 19:02:00",52.832,-3.922,25,97
"2021-08-16 19:03:00",52.768,-3.937,25,97
"2021-08-16 19:04:00",52.704,-3.985,25,96
"2021-08-16 19:05:00",52.704,-3.976,25,96
"2021-08-16 19:06:00",52.768,-3.977,25,96
"2021-08-16 19:07:00",52.816,-3.979,25,96
"2021-08-16 19:08:00",52.832,-4.028,25,96
"2021-08-16 19:09:00",52.832,-4.092,25,96
"2021-08-16 19:10:00",52.816,-4.125,25,96
"2021-08-16 19:11:00",52.72,-4.144,25,96
"2021-08-16 19:12:00",52.72,-3.567,25,95
"2021-08-16 19:13:00",52.752,-3.546,25,95
"2021-08-16 19:14:00",52.816,-3.544,25,95
"2021-08-16 19:15:00",52.848,-3.778,25,95
"2021-08-16 19:16:00",52.848,-4.466,25,95
"2021-08-16 19:17:00",52.848,-4.527,25,95
"2021-08-16 19:18:00",52.784,-4.533,25,95
"2021-08-16 19:19:00",52.704,-4.668,25,95
"2021-08-16 19:20:00",52.704,-4.655,25,94
"2021-08-16 19:21:00",52.72,-4.688,25,94
"2021-08-16 19:22:00",52.768,-4.547,25,94
"2021-08-16 19:23:00",52.8,-4.567,25,94
"2021-08-16 19:24:00",52.8,-4.62,25,94
"2021-08-16 19:25:00",52.8,-4.676,25,94
"2021-08-16 19:26:00",52.72,-4.708,25,94
"2021-08-16 19:27:00",52.704,-4.729,25,93
"2021-08-16 19:28:00",52.704,-4.598,25,93
"2021-08-16 19:29:00",52.736,-4.608,25,93
"2021-08-16 19:30:00",52.752,-4.758,25,93
"2021-08-16 19:31:00",52.784,-4.8,25,93
"2021-08-16 19:32:00",52.784,-4.841,25,93
"2021-08-16 19:33:00",52.784,-4.839,25,92
"2021-08-16 19:34:00",52.72,-4.849,25,92
"2021-08-16 19:35:00",52.688,-4.865,25,92
"2021-08-16 19:36:00",52.688,-4.823,25,92
"2021-08-16 19:37:00",52.72,-4.824,25,92
"2021-08-16 19:38:00",52.752,-4.789,25,92
"2021-08-16 19:39:00",52.784,-4.797,25,92
"2021-08-16 19:40:00",52.784,-4.807,25,91
"2021-08-16 19:41:00",52.784,-4.835,25,91
"2021-08-16 19:42:00",52.704,-4.82,25,91
"2021-08-16 19:43:00",52.704,-4.799,25,91
"2021-08-16 19:44:00",52.72,-4.768,25,91
"2021-08-16 19:45:00",52.736,-4.753,25,91
"2021-08-16 19:46:00",52.768,-4.734,25,91
"2021-08-16 19:47:00",52.784,-4.755,25,90
"2021-08-16 19:48:00",52.784,-4.782,25,90
"2021-08-16 19:49:00",52.768,-4.772,25,90
"2021-08-16 19:50:00",52.704,-4.766,25,90
"2021-08-16 19:51:00",52.704,-4.743,25,90
"2021-08-16 19:52:00",52.704,-4.73,25,90
"2021-08-16 19:53:00",52.736,-4.695,25,90
"2021-08-16 19:54:00",52.768,-4.72,25,89
"2021-08-16 19:55:00",52.784,-4.742,25,89
"2021-08-16 19:56:00",52.784,-4.737,25,89
"2021-08-16 19:57:00",52.736,-4.768,25,89
"2021-08-16 19:58:00",52.704,-4.747,25,88
"2021-08-16 19:59:00",52.704,-4.708,25,88
"2021-08-16 20:00:00",52.72,-4.62,25,88
"2021-08-16 20:01:00",52.752,-4.603,25,88
"2021-08-16 20:02:00",52.784,-4.599,25,88
"2021-08-16 20:03:00",52.784,-4.625,25,88
"2021-08-16 20:04:00",52.784,-4.663,25,88
"2021-08-16 20:05:00",52.736,-4.647,25,87
"2021-08-16 20:06:00",52.704,-4.629,25,87
"2021-08-16 20:07:00",52.704,-4.627,25,87
"2021-08-16 20:08:00",52.72,-4.606,25,87
"2021-08-16 20:09:00",52.752,-4.61,25,87
"2021-08-16 20:10:00",52.768,-4.605,25,87
"2021-08-16 20:11:00",52.784,-4.625,25,87
"2021-08-16 20:12:00",52.784,-4.624,25,86
"2021-08-16 20:13:00",52.72,-4.628,25,86
"2021-08-16 20:14:00",52.704,-4.622,25,86
"2021-08-16 20:15:00",52.704,-4.592,25,86
"2021-08-16 20:16:00",52.72,-4.567,25,86
"2021-08-16 20:17:00",52.752,-4.566,25,86
"2021-08-16 20:18:00",52.768,-4.598,25,85
"2021-08-16 20:19:00",52.768,-4.618,25,85
"2021-08-16 20:20:00",52.768,-4.624,25,85
"2021-08-16 20:21:00",52.704,-4.621,25,85
"2021-08-16 20:22:00",52.688,-4.585,25,85
"2021-08-16 20:23:00",52.688,-4.584,25,85
"2021-08-16 20:24:00",52.72,-4.559,25,85
"2021-08-16 20:25:00",52.752,-4.56,25,84
"2021-08-16 20:26:00",52.768,-4.574,25,84
"2021-08-16 20:27:00",52.768,-4.606,25,84
"2021-08-16 20:28:00",52.752,-4.626,25,84
"2021-08-16 20:29:00",52.672,-4.597,25,84
"2021-08-16 20:30:00",52.656,-4.591,25,84
"2021-08-16 20:31:00",52.672,-4.612,25,84
"2021-08-16 20:32:00",52.72,-4.554,25,83
"2021-08-16 20:33:00",52.752,-4.55,25,83
"2021-08-16 20:34:00",52.752,-4.593,25,83
"2021-08-16 20:35:00",52.752,-4.622,25,83
"2021-08-16 20:36:00",52.72,-4.633,25,83
"2021-08-16 20:37:00",52.672,-4.628,25,83
"2021-08-16 20:38:00",52.672,-4.598,25,83
"2021-08-16 20:39:00",52.672,-4.557,25,82
"2021-08-16 20:40:00",52.72,-4.565,25,82
"2021-08-16 20:41:00",52.752,-4.585,25,82
"2021-08-16 20:42:00",52.752,-4.588,25,82
"2021-08-16 20:43:00",52.752,-4.608,25,82
"2021-08-16 20:44:00",52.688,-4.623,25,82
"2021-08-16 20:45:00",52.64,-4.598,25,82
"2021-08-16 20:46:00",52.656,-4.597,25,81
"2021-08-16 20:47:00",52.688,-4.553,25,81
"2021-08-16 20:48:00",52.704,-4.583,25,81
"2021-08-16 20:49:00",52.736,-4.552,25,81
"2021-08-16 20:50:00",52.736,-4.595,25,81
"2021-08-16 20:51:00",52.72,-4.602,25,81
"2021-08-16 20:52:00",52.672,-4.597,25,81
"2021-08-16 20:53:00",52.64,-4.576,25,80
"2021-08-16 20:54:00",52.64,-4.561,25,80
"2021-08-16 20:55:00",52.672,-4.534,25,80
"2021-08-16 20:56:00",52.704,-4.526,25,80
"2021-08-16 20:57:00",52.72,-4.569,25,80
"2021-08-16 20:58:00",52.72,-4.567,25,80
"2021-08-16 20:59:00",52.704,-4.578,25,79
"2021-08-16 21:00:00",52.64,-4.581,25,79
"2021-08-16 21:01:00",52.624,-4.561,25,79
"2021-08-16 21:02:00",52.624,-4.536,25,79
"2021-08-16 21:03:00",52.656,-4.533,25,79
"2021-08-16 21:04:00",52.752,-3.365,25,79
"2021-08-16 21:05:00",52.768,-3.388,25,79
"2021-08-16 21:06:00",52.768,-3.411,25,79
"2021-08-16 21:07:00",52.752,-3.419,25,78
"2021-08-16 21:08:00",52.736,-3.402,25,78
"2021-08-16 21:09:00",52.736,-3.389,25,78
"2021-08-16 21:10:00",52.752,-3.372,25,78
"2021-08-16 21:11:00",52.768,-3.362,25,78
"2021-08-16 21:12:00",52.784,-3.364,25,78
"2021-08-16 21:13:00",52.784,-3.375,25,78
"2021-08-16 21:14:00",52.784,-3.401,25,78
"2021-08-16 21:15:00",52.784,-2.769,25,78
"2021-08-16 21:16:00",52.784,-2.768,25,77
"2021-08-16 21:17:00",52.784,-2.755,25,77
"2021-08-16 21:18:00",52.784,-2.732,25,77
"2021-08-16 21:19:00",52.8,-2.721,25,77
"2021-08-16 21:20:00",52.816,-2.742,25,77
"2021-08-16 21:21:00",52.832,-2.757,25,77
"2021-08-16 21:22:00",52.832,-2.767,25,77
"2021-08-16 21:23:00",52.816,-2.772,25,77
"2021-08-16 21:24:00",52.8,-2.756,25,77
"2021-08-16 21:25:00",52.8,-2.731,25,77
"2021-08-16 21:26:00",52.816,-2.724,25,77
"2021-08-16 21:27:00",52.816,-2.733,25,76
"2021-08-16 21:28:00",52.816,-2.738,25,76
"2021-08-16 21:29:00",52.816,-2.766,24,76
"2021-08-16 21:30:00",52.816,-2.775,24,76
"2021-08-16 21:31:00",51.6,-21.971,24,76
"2021-08-16 21:32:00",52.336,-2.771,25,75
"2021-08-16 21:33:00",52.56,-2.743,25,75
"2021-08-16 21:34:00",52.656,-2.737,25,75
"2021-08-16 21:35:00",52.704,-2.816,25,75
"2021-08-16 21:36:00",52.704,-3.495,25,75
"2021-08-16 21:37:00",52.704,-2.902,25,75
"2021-08-16 21:38:00",52.704,-3.528,25,75
"2021-08-16 21:39:00",52.464,-4.892,25,75
"2021-08-16 21:40:00",52.496,-4.179,25,74
"2021-08-16 21:41:00",52.56,-4.151,25,74
"2021-08-16 21:42:00",52.608,-4.11,25,74
"2021-08-16 21:43:00",52.64,-4.108,25,74
"2021-08-16 21:44:00",52.64,-4.124,25,74
"2021-08-16 21:45:00",52.64,-4.159,25,74
"2021-08-16 21:46:00",52.608,-4.133,25,74
"2021-08-16 21:47:00",52.576,-4.152,25,73
"2021-08-16 21:48:00",52.576,-4.093,25,73
"2021-08-16 21:49:00",52.576,-4.069,25,73
"2021-08-16 21:50:00",52.608,-4.07,25,73
"2021-08-16 21:51:00",52.624,-4.069,25,73
"2021-08-16 21:52:00",52.624,-4.104,25,73
"2021-08-16 21:53:00",52.608,-4.115,25,73
"2021-08-16 21:54:00",52.576,-4.096,25,73
"2021-08-16 21:55:00",52.56,-4.084,25,72
"2021-08-16 21:56:00",52.56,-4.049,25,72
"2021-08-16 21:57:00",52.576,-4.027,25,72
"2021-08-16 21:58:00",52.576,-4.014,25,72
"2021-08-16 21:59:00",52.592,-4.042,25,72
"2021-08-16 22:00:00",52.592,-4.069,25,72
"2021-08-16 22:01:00",52.576,-4.053,25,72
"2021-08-16 22:02:00",52.528,-4.056,24,71
"2021-08-16 22:03:00",52.528,-4.04,25,71
"2021-08-16 22:04:00",52.528,-4.004,25,71
"2021-08-16 22:05:00",52.544,-3.982,24,71
"2021-08-16 22:06:00",52.56,-3.985,24,71
"2021-08-16 22:07:00",52.56,-4,24,71
"2021-08-16 22:08:00",52.56,-4.015,24,71
"2021-08-16 22:09:00",52.528,-4.016,24,71
"2021-08-16 22:10:00",52.496,-3.99,24,70
"2021-08-16 22:11:00",52.496,-3.984,24,70
"2021-08-16 22:12:00",52.496,-3.962,24,70
"2021-08-16 22:13:00",52.512,-3.952,24,70
"2021-08-16 22:14:00",52.528,-3.961,24,70
"2021-08-16 22:15:00",52.528,-3.989,24,70
"2021-08-16 22:16:00",52.512,-3.949,24,70
"2021-08-16 22:17:00",52.48,-3.934,24,69
"2021-08-16 22:18:00",52.464,-3.935,24,69
"2021-08-16 22:19:00",52.464,-3.91,24,69
"2021-08-16 22:20:00",52.464,-3.881,24,69
"2021-08-16 22:21:00",52.48,-3.898,24,69
"2021-08-16 22:22:00",52.496,-3.909,24,69
"2021-08-16 22:23:00",52.496,-3.932,24,69
"2021-08-16 22:24:00",52.48,-3.938,24,69
"2021-08-16 22:25:00",52.432,-3.936,24,68
"2021-08-16 22:26:00",52.432,-3.92,24,68
"2021-08-16 22:27:00",52.432,-3.893,24,68
"2021-08-16 22:28:00",52.432,-3.899,24,68
"2021-08-16 22:29:00",52.448,-3.897,24,68
"2021-08-16 22:30:00",52.448,-3.904,24,68
"2021-08-16 22:31:00",52.448,-3.926,24,68
"2021-08-16 22:32:00",52.416,-3.934,24,67
"2021-08-16 22:33:00",52.384,-3.926,24,67
"2021-08-16 22:34:00",52.384,-3.905,24,67
"2021-08-16 22:35:00",52.384,-3.892,24,67
"2021-08-16 22:36:00",52.4,-3.89,24,67
"2021-08-16 22:37:00",52.4,-3.892,24,67
"2021-08-16 22:38:00",52.4,-3.923,24,67
"2021-08-16 22:39:00",52.4,-3.937,24,67
"2021-08-16 22:40:00",52.368,-3.916,24,66
"2021-08-16 22:41:00",52.352,-3.912,24,66
"2021-08-16 22:42:00",52.352,-3.91,24,66
"2021-08-16 22:43:00",52.352,-4.526,24,66
"2021-08-16 22:44:00",52.368,-3.368,24,66
"2021-08-16 22:45:00",52.4,-2.751,24,66
"2021-08-16 22:46:00",52.48,-0.853,24,66
"2021-08-16 22:47:00",52.496,-0.811,24,66
"2021-08-16 22:48:00",52.512,-0.805,24,66
"2021-08-16 22:49:00",52.528,-0.8,24,66
"2021-08-16 22:50:00",52.576,-0.797,24,66
"2021-08-16 22:51:00",52.592,-0.8,24,66
"2021-08-16 22:52:00",52.592,-0.806,24,66
"2021-08-16 22:53:00",52.592,-0.811,24,66
"2021-08-16 22:54:00",52.592,-0.812,24,66
"2021-08-16 22:55:00",52.592,-0.81,24,65
"2021-08-16 22:56:00",52.592,-0.804,24,65
"2021-08-16 22:57:00",52.592,-0.8,24,65
"2021-08-16 22:58:00",52.608,-0.798,24,65
"2021-08-16 22:59:00",52.624,-0.802,24,65
"2021-08-16 23:00:00",52.624,-0.808,24,65
"2021-08-16 23:01:00",52.624,-0.813,24,65
"2021-08-16 23:02:00",52.624,-0.813,24,65
"2021-08-16 23:03:00",52.608,-0.808,24,65
"2021-08-16 23:04:00",52.624,-0.801,24,65
"2021-08-16 23:05:00",52.624,-0.799,24,65
"2021-08-16 23:06:00",52.624,-0.8,24,65
"2021-08-16 23:07:00",52.624,-0.804,24,65
"2021-08-16 23:08:00",52.624,-0.811,24,65
"2021-08-16 23:09:00",52.624,-0.814,24,65
"2021-08-16 23:10:00",52.624,-0.811,24,65
"2021-08-16 23:11:00",52.624,-0.806,24,65
"2021-08-16 23:12:00",52.624,-0.802,24,65
"2021-08-16 23:13:00",52.624,-0.799,24,65
"2021-08-16 23:14:00",52.624,-0.801,24,65
"2021-08-16 23:15:00",52.624,-0.808,24,65
"2021-08-16 23:16:00",52.624,-0.814,24,65
"2021-08-16 23:17:00",52.624,-0.814,24,65
"2021-08-16 23:18:00",52.624,-0.81,24,65
"2021-08-16 23:19:00",52.624,-1.45,24,65
"2021-08-16 23:20:00",52.624,-0.8,24,65
"2021-08-16 23:21:00",52.624,-0.8,24,65
"2021-08-16 23:22:00",52.624,-0.805,24,65
"2021-08-16 23:23:00",52.624,-0.81,24,65
"2021-08-16 23:24:00",52.608,-0.814,24,65
"2021-08-16 23:25:00",52.608,-0.813,24,65
"2021-08-16 23:26:00",52.608,-0.808,24,65
"2021-08-16 23:27:00",52.608,-0.802,24,65
"2021-08-16 23:28:00",52.608,-0.8,24,65
"2021-08-16 23:29:00",52.624,-0.801,24,65
"2021-08-16 23:30:00",52.624,-0.806,24,65
"2021-08-16 23:31:00",52.624,-0.813,24,65
"2021-08-16 23:32:00",52.608,-0.815,24,65
"2021-08-16 23:33:00",52.608,-0.812,24,65
"2021-08-16 23:34:00",52.608,-0.805,24,65
"2021-08-16 23:35:00",52.608,-0.802,24,65
"2021-08-16 23:36:00",52.608,-0.8,24,64
"2021-08-16 23:37:00",52.608,-0.805,24,64
"2021-08-16 23:38:00",52.608,-0.81,24,64
"2021-08-16 23:39:00",52.624,-0.817,24,64
"2021-08-16 23:40:00",52.624,-0.814,24,64
"2021-08-16 23:41:00",52.608,-0.817,24,64
"2021-08-16 23:42:00",52.608,-0.804,24,64
"2021-08-16 23:43:00",52.608,-0.821,24,64
"2021-08-16 23:44:00",52.608,-0.801,24,64
"2021-08-16 23:45:00",52.608,-0.851,24,64
"2021-08-16 23:46:00",52.608,-0.812,24,64
"2021-08-16 23:47:00",52.608,-0.815,24,64
"2021-08-16 23:48:00",52.608,-0.814,24,64
"2021-08-16 23:49:00",52.592,-0.807,24,64
"2021-08-16 23:50:00",52.592,-0.801,24,64
"2021-08-16 23:51:00",52.608,-0.801,24,64
"2021-08-16 23:52:00",52.608,-0.803,24,64
"2021-08-16 23:53:00",52.608,-0.808,24,64
"2021-08-16 23:54:00",52.608,-0.814,24,64
"2021-08-16 23:55:00",52.608,-0.815,24,64
"2021-08-16 23:56:00",52.592,-0.811,24,64
"2021-08-16 23:57:00",52.592,-0.805,24,64
"2021-08-16 23:58:00",52.592,-0.802,24,64
"2021-08-16 23:59:00",52.592,-0.802,24,64